ferroptosis_gene,description,driver_gene,mean_effect_driver_dep,mean_effect_driver_nodep,delta_effect,t_statistic,p_value,cohens_d,n_driver_dep,n_driver_nodep,fdr
GCLM,glutamate-cysteine ligase modifier,PTEN,-0.4570591657880867,-0.06965619745959667,-0.38740296832849,-10.577400289837733,5.941741507707225e-25,-1.6385993456073535,12,1074,2.139026942774601e-22
GCLC,glutamate-cysteine ligase catalytic (GSH synthesis),PTEN,-0.39546138768337696,-0.000585745965178454,-0.3948756417181985,-10.090492469302472,6.04436042508475e-23,-1.5485004402695253,12,1074,1.0879848765152549e-20
GSS,glutathione synthetase,PTEN,-0.3134909027928958,0.014362170834615424,-0.32785307362751126,-9.974074752089377,1.778277986516832e-22,-2.0029113814924284,12,1074,2.1339335838201985e-20
SLC7A11,"cystine/glutamate transporter (xCT, imports cystine)",PTEN,-0.3449020137604128,0.006801369311370146,-0.35170338307178295,-9.261801868672928,1.047057362612588e-19,-1.4398814155368918,12,1074,9.423516263513291e-18
ACSL4,"acyl-CoA synthetase 4 (PUFA activation, pro-ferroptosis)",STK11,-0.280104643432396,-0.13790204156377978,-0.14220260186861622,-6.878841407107835,1.0204044239846753e-11,-0.5451069630202796,112,969,7.346911852689662e-10
DHODH,dihydroorotate dehydrogenase (mitochondrial anti-ferroptosis),PTEN,-0.8971742294773953,-0.3657402237470037,-0.5314340057303917,-6.738743500524996,2.5897047917490586e-11,-1.8685774236570545,12,1074,1.5538228750494352e-09
GPX4,glutathione peroxidase 4 (key anti-ferroptosis),CTNNB1,-0.40938827500705427,-0.7212865252770364,0.31189825026998214,6.3802554467377,2.6140946140967024e-10,0.6449052040089209,111,975,1.3443915158211612e-08
GCLM,glutamate-cysteine ligase modifier,STK11,-0.1431616514009135,-0.06597675678045335,-0.07718489462046015,-5.931301750458584,4.0374290446972324e-09,-0.5333929329347857,112,974,1.8168430701137544e-07
GCLC,glutamate-cysteine ligase catalytic (GSH synthesis),STK11,-0.07725656351446723,0.0033656132390330047,-0.08062217675350024,-5.819535255176379,7.763882167584226e-09,-0.4645885027736707,112,974,3.10555286703369e-07
GPX4,glutathione peroxidase 4 (key anti-ferroptosis),EGFR,-0.5192311710022075,-0.726186836133782,0.20695566513157448,5.312752703301606,1.310054463581377e-07,0.42207677015824124,193,893,4.716196068892958e-06
DHODH,dihydroorotate dehydrogenase (mitochondrial anti-ferroptosis),BRCA1,-0.3092140478784613,-0.3999297574661477,0.09071570958768638,5.053885011308177,5.078261947773397e-07,0.3380861245169861,339,747,1.661976637453112e-05
GSS,glutathione synthetase,STK11,-0.04091288007654331,0.016678976603116083,-0.057591856679659395,-4.932925840025253,9.369206048797096e-07,-0.36634965761066507,112,974,2.810761814639129e-05
GCLC,glutamate-cysteine ligase catalytic (GSH synthesis),ARID1A,-0.05897269771758282,0.002980546107647126,-0.061953243825229945,-4.8904656597018645,1.1580184968740816e-06,-0.36761947388021887,139,947,3.2068204528820724e-05
ACSL4,"acyl-CoA synthetase 4 (PUFA activation, pro-ferroptosis)",PIK3CA,-0.10724497015060101,-0.17310669579748864,0.06586172564688762,4.785850023160234,1.939393564285858e-06,0.33635696531876097,336,745,4.987012022449349e-05
GSS,glutathione synthetase,EGFR,0.04638759753087907,0.0030350216342693768,0.043352575896609694,4.661913914940612,3.5225765031593806e-06,0.4165832339335959,193,893,8.454183607582514e-05
GPX4,glutathione peroxidase 4 (key anti-ferroptosis),STK11,-0.8935538533772055,-0.6659326787398835,-0.227621174637322,-4.63466255224145,4.009596060653222e-06,-0.47773051027422814,112,974,9.021591136469748e-05
GPX4,glutathione peroxidase 4 (key anti-ferroptosis),ERBB2,-0.4977087913383199,-0.7129980501568081,0.21528925881848815,4.4997020943533705,7.539181835003048e-06,0.43974523696325835,119,967,0.00015965326238829983
GSS,glutathione synthetase,ARID1A,-0.02913012711653904,0.01659151880893468,-0.04572164592547372,-4.290372713853807,1.943010945659757e-05,-0.31597640433400415,139,947,0.00038860218913195136
TFRC,transferrin receptor (iron import),BRCA2,-0.6426223605089232,-0.7764285125793398,0.13380615207041657,4.261397845641755,2.2081343047235974e-05,0.32738111816558335,218,868,0.000418383341947629
TFRC,transferrin receptor (iron import),BRCA1,-0.6723292639740831,-0.7846211553180695,0.11229189134398643,4.135113433363763,3.821817410614423e-05,0.26966541797201465,339,747,0.0006717410361374437
GPX4,glutathione peroxidase 4 (key anti-ferroptosis),MYC,-0.6743308531834082,-0.942743215703279,0.2684123625198708,4.129282372902029,3.918489377468422e-05,0.5532134210488131,1025,61,0.0006717410361374437
TFRC,transferrin receptor (iron import),PTEN,-1.2272302004715063,-0.7442317142496779,-0.4829984862218284,-4.010674529752703,6.469589697499182e-05,-1.5511425761215778,12,1074,0.001058660132318048
GPX4,glutathione peroxidase 4 (key anti-ferroptosis),BRAF,-0.4720519746924437,-0.7057628817765027,0.233710907084059,3.9815785163518407,7.302090467390538e-05,0.4694442349187069,76,1010,0.0011429358992437366
GSS,glutathione synthetase,BRCA1,0.03174780594207766,0.0012055882576946285,0.030542217684383033,3.97036250121184,7.649322194639583e-05,0.2705282303212258,339,747,0.0011473983291959374
SLC7A11,"cystine/glutamate transporter (xCT, imports cystine)",STK11,-0.04352774845730167,0.008255599899901815,-0.05178334835720348,-3.8451107679545515,0.00012751304448844786,-0.32133994143286826,112,974,0.001836187840633649
GPX4,glutathione peroxidase 4 (key anti-ferroptosis),BRCA2,-0.8024386174634428,-0.661019403299381,-0.14141921416406178,-3.7800390874456045,0.0001653515291775469,-0.28351346898222,218,868,0.002289482711689111
NFE2L2,NRF2 (master antioxidant regulator),EGFR,-0.2560977396830071,-0.1959755711198351,-0.060122168563171985,-3.73046271077521,0.0002010322598111516,-0.28479479522694234,193,893,0.0026804301308153548
ATG5,autophagy related 5 (ferritinophagy),CDH1,0.12324939074144488,0.05235165550909813,0.07089773523234674,3.664363204127101,0.00025995311670384624,0.5257450437783798,29,1057,0.00334225435762088
GPX4,glutathione peroxidase 4 (key anti-ferroptosis),PIK3CA,-0.6127766254960161,-0.7240347075578073,0.11125808206179122,3.4335689236895566,0.0006182050972522703,0.22469899106014166,338,748,0.0076742701727868035
SLC7A11,"cystine/glutamate transporter (xCT, imports cystine)",CTNNB1,0.04433321122447546,-0.0018001435596207117,0.04613335478409618,3.4070644527372935,0.0006807598016238465,0.37387139417348725,111,975,0.008169117619486159
POR,cytochrome P450 oxidoreductase,KRAS,-0.03002758622388953,-0.05250287510162411,0.02247528887773458,3.383528929940736,0.0007411971624255637,0.21730278341677675,364,722,0.008503878873952896
GCLC,glutamate-cysteine ligase catalytic (GSH synthesis),EGFR,0.025903433201778757,-0.011617010556265937,0.0375204437580447,3.3697687097193736,0.0007788067285199003,0.3059751418783251,193,893,0.008503878873952896
GSR,glutathione reductase,BRCA2,-0.008353550730815314,0.016100013192444525,-0.02445356392325984,-3.359089068042821,0.0008092109550587359,-0.2617159792351641,218,868,0.008503878873952896
LPCAT3,lysophosphatidylcholine acyltransferase 3,KRAS,-0.22112492767458683,-0.1946290870020407,-0.026495840672546123,-3.3534542836433796,0.0008256937964531386,-0.21327293813703307,364,722,0.008503878873952896
GCLM,glutamate-cysteine ligase modifier,BRCA1,-0.05402367055729268,-0.08297381759322846,0.028950147035935778,3.3530913722490983,0.0008267660016343094,0.22987365606931442,339,747,0.008503878873952896
GCLM,glutamate-cysteine ligase modifier,ARID1A,-0.10860690739440361,-0.068848052727816,-0.039758854666587615,-3.3197594591841204,0.0009309457649170857,-0.25285666755623676,139,947,0.009309457649170856
SLC7A11,"cystine/glutamate transporter (xCT, imports cystine)",ARID1A,-0.03248062715868202,0.00811051071841962,-0.04059113787710164,-3.305060310135221,0.0009806517043280585,-0.27399274530905326,139,947,0.00954147604211084
ALOX12,arachidonate 12-lipoxygenase,EGFR,0.023567034218514974,0.051458398612737426,-0.02789136439422245,-3.2466959940531175,0.0012032940951759183,-0.26824987795654975,193,893,0.011399628270087647
SLC40A1,ferroportin (iron export),CTNNB1,0.04286918353365233,0.011965747834689419,0.03090343569896291,3.2375110875449056,0.001242319101021299,0.30724621400782415,111,975,0.011467560932504298
ATG5,autophagy related 5 (ferritinophagy),CTNNB1,0.08393879117574937,0.05086433475293378,0.03307445642281559,3.2074806518443917,0.0013782296977135934,0.28970557471742525,111,975,0.012201012813832367
GCH1,"GTP cyclohydrolase 1 (BH4 synthesis, anti-ferroptosis)",BRCA2,-0.1048112553384563,-0.07717284161523327,-0.027638413723223024,-3.200089016532425,0.001413725612392398,-0.22602653037006343,218,868,0.012201012813832367
NFE2L2,NRF2 (master antioxidant regulator),BRAF,-0.1348479299380454,-0.2120639664292492,0.07721603649120382,3.1919800188811913,0.001453636049778118,0.4244715986274252,76,1010,0.012201012813832367
ACSL4,"acyl-CoA synthetase 4 (PUFA activation, pro-ferroptosis)",ARID1A,-0.20630234180711915,-0.14484679821202928,-0.06145554359508987,-3.191275312554762,0.001457343197207755,-0.2545968172510416,137,944,0.012201012813832367
VDAC2,voltage-dependent anion channel 2,CDH1,-0.15088199638180874,-0.2538099241025393,0.10292792772073053,3.1477223760675552,0.0016903939813878272,0.5197019854024642,29,1057,0.01383049621135495
DHODH,dihydroorotate dehydrogenase (mitochondrial anti-ferroptosis),CTNNB1,-0.449090609657627,-0.36279182911386065,-0.08629878054376633,-3.1205848518543267,0.0018526324250425954,-0.3043727160338469,111,975,0.014821059400340763
GCLC,glutamate-cysteine ligase catalytic (GSH synthesis),ERBB2,0.032454604925656425,-0.009551939818981694,0.04200654474463812,3.0800706989069067,0.0021216340836909715,0.32847820922045506,119,967,0.016604092828885867
DHODH,dihydroorotate dehydrogenase (mitochondrial anti-ferroptosis),STK11,-0.44730844444066825,-0.36290815737233656,-0.08440028706833169,-3.0635851713605855,0.002241016277329403,-0.2695332602205152,112,974,0.016894844223476646
ACSL4,"acyl-CoA synthetase 4 (PUFA activation, pro-ferroptosis)",MYC,-0.15742933943703982,-0.07247331334344803,-0.08495602609359179,-3.0587993190725165,0.0022770650473468764,-0.37235769358247983,1020,61,0.016894844223476646
KEAP1,kelch-like ECH-associated protein 1 (NRF2 inhibitor),BRAF,-0.2650638860668893,-0.14476326923837834,-0.12030061682851095,-3.0557912662300453,0.002299576019306543,-0.35538257175987326,76,1010,0.016894844223476646
ALOX12,arachidonate 12-lipoxygenase,KRAS,0.032687156138640594,0.05346629187102873,-0.020779135732388133,-2.984626769642519,0.0029029142473055154,-0.19022823091134755,364,722,0.02090098258059971
GCLM,glutamate-cysteine ligase modifier,PIK3CA,-0.05650991750084607,-0.08181164966013088,0.025301732159284808,2.9245553290106483,0.0035212807499986035,0.1998847156867044,338,748,0.02485609941175485
TFRC,transferrin receptor (iron import),ARID1A,-0.8456415100465418,-0.7354672160647759,-0.11017429398176581,-2.913646999385078,0.0036456760698135335,-0.2639838538468021,139,947,0.02523929586793985
SLC7A11,"cystine/glutamate transporter (xCT, imports cystine)",MYC,0.005798092120460076,-0.045527835216147505,0.05132592733660758,2.876760460574144,0.004096537767394161,0.31366090040717587,1025,61,0.027825539552111284
VDAC3,voltage-dependent anion channel 3,APC,-0.16870364624803671,-0.2064549983740829,0.03775135212604619,2.8704644732496085,0.004178371183334301,0.2540931104823193,148,938,0.02784490729926336
DHODH,dihydroorotate dehydrogenase (mitochondrial anti-ferroptosis),EGFR,-0.3200803923149905,-0.38274980441345746,0.06266941209846694,2.8576911471587616,0.004348974518678144,0.24603873710464647,193,893,0.02784490729926336
TFRC,transferrin receptor (iron import),KRAS,-0.8003778108137353,-0.7239530476088815,-0.07642476320485381,-2.8553596232225327,0.004380788873212696,-0.18373778384202558,364,722,0.02784490729926336
TFRC,transferrin receptor (iron import),STK11,-0.8558816701593261,-0.7373438156591042,-0.11853785450022192,-2.8533211794275837,0.004408776989050032,-0.27210767770801286,112,974,0.02784490729926336
TFRC,transferrin receptor (iron import),BRAF,-0.8804007797452341,-0.7397239249991825,-0.14067685474605163,-2.840407304780801,0.004589888996534737,-0.3470688042983994,76,1010,0.028488966185388022
LPCAT3,lysophosphatidylcholine acyltransferase 3,BRAF,-0.16526271977656543,-0.20638782949109308,0.04112510971452765,2.8086871634991817,0.005063734815023016,0.3095886386648897,76,1010,0.030897364973021795
DHODH,dihydroorotate dehydrogenase (mitochondrial anti-ferroptosis),ARID1A,-0.43279850565430195,-0.36263157209299124,-0.07016693356131071,-2.7957642863485077,0.005269161381893155,-0.22968960231833532,139,947,0.03161496829135893
VDAC3,voltage-dependent anion channel 3,VHL,-0.19570743334527335,-0.2293243145973856,0.033616881252112235,2.7758896298588724,0.005599834612555104,0.22061567840000293,905,181,0.033048204270817005
GSS,glutathione synthetase,ERBB2,0.03878338917225539,0.007288373662216984,0.03149501551003841,2.7496167517652017,0.006065711651982144,0.29803222958806896,119,967,0.03522026120505761
ACSL4,"acyl-CoA synthetase 4 (PUFA activation, pro-ferroptosis)",BRCA1,-0.12664975526964617,-0.16440568657776908,0.03775593130812291,2.7264304134958732,0.006506075432343193,0.1894779480265653,337,744,0.03717757389910396
ACSL4,"acyl-CoA synthetase 4 (PUFA activation, pro-ferroptosis)",CTNNB1,-0.10121544677317537,-0.15851946778134895,0.05730402100817358,2.7115907024797528,0.0068024961653656785,0.321262945904205,111,970,0.03826404093018194
DHODH,dihydroorotate dehydrogenase (mitochondrial anti-ferroptosis),MYC,-0.3771424530935654,-0.27868978093616653,-0.09845267215739889,-2.702953037876153,0.006980075905643428,-0.41790720492782385,1025,61,0.03865888193894822
LPCAT3,lysophosphatidylcholine acyltransferase 3,CTNNB1,-0.23303404634422067,-0.2001486106100661,-0.03288543573415456,-2.665880507240134,0.007792908295638102,-0.2496341547207014,111,975,0.04250677252166238
GPX4,glutathione peroxidase 4 (key anti-ferroptosis),ARID1A,-0.7934285379830791,-0.6741392754923393,-0.11928926249073979,-2.6505910375327604,0.0081521747872183,-0.23695296676894143,139,947,0.04327482751728043
SLC40A1,ferroportin (iron export),KRAS,0.02589408451080933,0.009694787741167585,0.016199296769641745,2.6403324932347845,0.008401477039635511,0.17069954258042067,364,722,0.04327482751728043
NCOA4,nuclear receptor coactivator 4 (ferritinophagy),MYC,-0.5919065549727606,-0.5061155444633373,-0.08579101050942328,-2.6381602168923153,0.008455135496071645,-0.3464878208217329,1025,61,0.04327482751728043
NFE2L2,NRF2 (master antioxidant regulator),BRCA2,-0.17414221028638222,-0.2148272430027671,0.04068503271638488,2.6367242821200376,0.00849077350345515,0.21244874893713647,218,868,0.04327482751728043
LPCAT3,lysophosphatidylcholine acyltransferase 3,BRCA1,-0.18889263858496969,-0.21014333334500437,0.02125069476003469,2.6349594849398534,0.008534757649241418,0.17520499033061163,339,747,0.04327482751728043
GCLM,glutamate-cysteine ligase modifier,CDH1,-0.01065066648839979,-0.07567322302071927,0.06502255653231948,2.6149284512262803,0.009048480164948431,0.4941587614192245,29,1057,0.04404778134639223
ALOX15,arachidonate 15-lipoxygenase (lipid peroxidation),BRAF,0.06795066269848829,0.033081314702104646,0.034869347996383644,2.61187365602326,0.00912920838863212,0.3178962768162995,76,1010,0.04404778134639223
HMOX1,heme oxygenase 1 (releases iron from heme),ARID1A,0.02000077805719196,0.00042240300915647724,0.019578375048035484,2.6116989616718542,0.009133844389925939,0.22731383312613637,139,947,0.04404778134639223
DHODH,dihydroorotate dehydrogenase (mitochondrial anti-ferroptosis),ERBB2,-0.309263053505192,-0.37928519926669374,0.07002214576150173,2.607385645791604,0.009248979708402525,0.27518272063494176,119,967,0.04404778134639223
GCLM,glutamate-cysteine ligase modifier,CTNNB1,-0.04298001514161536,-0.07746121474907133,0.03448119960745597,2.6055275580933324,0.009298976062016137,0.2941771331747606,111,975,0.04404778134639223
ATG7,autophagy related 7,EGFR,0.05470649552967918,0.03328519348343295,0.021421302046246232,2.596056713587198,0.009557583399347072,0.21580827667376842,193,893,0.04468480550344086
ATG7,autophagy related 7,BRCA1,0.024970559008118037,0.04259305477132756,-0.017622495763209525,-2.5887130411898855,0.009762507252250566,-0.16960733928020938,339,747,0.04491317586231484
NFE2L2,NRF2 (master antioxidant regulator),ERBB2,-0.2522168105814204,-0.20105403134399596,-0.05116277923742446,-2.5854101010794577,0.009855946925341311,-0.2381540629196917,119,967,0.04491317586231484
ATG7,autophagy related 7,PTEN,0.11309774259820012,0.03624288501560084,0.07685485758259927,2.546698145214163,0.011012086207250065,0.7878821695333672,12,1074,0.0489658863520736
TFRC,transferrin receptor (iron import),CTNNB1,-0.8449986231253881,-0.7387043859927118,-0.10629423713267627,-2.5465311528125016,0.01101732442921656,-0.24993742330557292,111,975,0.0489658863520736
GCLC,glutamate-cysteine ligase catalytic (GSH synthesis),BRCA1,0.01102179712970314,-0.012196809967565659,0.0232186070972688,2.521921204574658,0.011813954167793817,0.1719342664772647,339,747,0.0518661402488509
KEAP1,kelch-like ECH-associated protein 1 (NRF2 inhibitor),MYC,-0.14703391503473806,-0.25649171083998723,0.10945779580524917,2.5058413684844902,0.012361707547071875,0.3544730259749509,1025,61,0.053617044782480416
SLC40A1,ferroportin (iron export),BRCA2,0.000751646133714032,0.018734129785608216,-0.017982483651894185,-2.4861283671169816,0.013063878615829586,-0.17649421949479455,218,868,0.05598805121069823
SLC40A1,ferroportin (iron export),VHL,0.018330407568724713,-0.0009057201029738872,0.0192361276716986,2.474316907446307,0.01350132141665984,0.2002944069842039,905,181,0.05718206717644168
GCLC,glutamate-cysteine ligase catalytic (GSH synthesis),BRAF,0.0329303322696564,-0.007799339674550564,0.040729671944206965,2.4351624008809556,0.015045527607261798,0.3168904390471015,76,1010,0.06298127835597961
SLC7A11,"cystine/glutamate transporter (xCT, imports cystine)",KRAS,0.016919217613742918,-0.004145081351960995,0.021064298965703915,2.417813132259564,0.015778186947375174,0.15928770507120135,364,722,0.06527881557647466
HMOX1,heme oxygenase 1 (releases iron from heme),BRCA2,-0.009110232930473583,0.00595179098901395,-0.015062023919487532,-2.4078628717472763,0.01621241455771832,-0.17303318440327067,218,868,0.06527881557647466
GSS,glutathione synthetase,VHL,0.0068845395260235635,0.0300142119989552,-0.023129672472931635,-2.4072721629636353,0.016238520558055348,-0.20493579929562303,905,181,0.06527881557647466
NFE2L2,NRF2 (master antioxidant regulator),VHL,-0.2133125394512311,-0.17339889815176243,-0.03991364129946867,-2.4054405267637944,0.016319703894118666,-0.22274720320030147,905,181,0.06527881557647466
VDAC2,voltage-dependent anion channel 2,APC,-0.21913882058841114,-0.2560982113266222,0.036959390738211056,2.4008198071874784,0.016526096130328575,0.2027073351341926,148,938,0.06537796271338778
POR,cytochrome P450 oxidoreductase,ARID1A,-0.06453181848894392,-0.04209841017835817,-0.022433408310585747,-2.383839773813746,0.017304388115151798,-0.20724285896555664,139,947,0.06771282305928965
POR,cytochrome P450 oxidoreductase,CTNNB1,-0.022826490740241,-0.04749064280687347,0.024664152066632472,2.376415381184119,0.017654684862137685,0.241328418297253,111,975,0.06834071559537168
LPCAT3,lysophosphatidylcholine acyltransferase 3,STK11,-0.22966098834014884,-0.20050271436850747,-0.029158273971641363,-2.3715281697528425,0.017888655537073344,-0.21070554217367143,112,974,0.06850974461006812
NFE2L2,NRF2 (master antioxidant regulator),MYC,-0.21012827531093817,-0.14838633729707384,-0.06174193801386432,-2.2983512975298344,0.02173143323557158,-0.3562701354876633,1025,61,0.08235069436637651
HMOX1,heme oxygenase 1 (releases iron from heme),MYC,0.004324783740646194,-0.020537369418712814,0.02486215315935901,2.284073817690487,0.02255987366179327,0.331977963835792,1025,61,0.08459952623172477
GPX4,glutathione peroxidase 4 (key anti-ferroptosis),VHL,-0.6740907963972889,-0.7659905521068895,0.09189975570960063,2.275984441168394,0.023041346872064744,0.18069724473984772,905,181,0.08551427705096194
ATG7,autophagy related 7,PIK3CA,0.026445825940037165,0.04190286397085714,-0.015457038030819978,-2.2671522131753434,0.023577215747687,-0.1479116472170964,338,748,0.08661018029762572
ALOX12,arachidonate 12-lipoxygenase,CDH1,0.0021520732866395008,0.04771842709558692,-0.04556635380894742,-2.2312171885561396,0.02587064334144288,-0.38757051572503864,29,1057,0.09407506669615592
NCOA4,nuclear receptor coactivator 4 (ferritinophagy),EGFR,-0.6227966677761627,-0.5793701121820197,-0.04342655559414299,-2.2150482609900584,0.026964045821780046,-0.17798351563639225,193,893,0.09636551113939064
VDAC2,voltage-dependent anion channel 2,KRAS,-0.23458597796401348,-0.25936755082071405,0.024781572856700573,2.214005979292703,0.02703587951410682,0.1401864138807761,364,722,0.09636551113939064
NCOA4,nuclear receptor coactivator 4 (ferritinophagy),PTEN,-0.4320559614252955,-0.5888199213428674,0.15676395991757192,2.186438674335107,0.028996774608519776,0.6213992347733006,12,1074,0.10177416227562512
VDAC2,voltage-dependent anion channel 2,EGFR,-0.22624267984629398,-0.25642534206172646,0.030182662215432476,2.1835636747656224,0.02920816700739304,0.18970565763222202,193,893,0.10177416227562512
HMOX1,heme oxygenase 1 (releases iron from heme),EGFR,0.014688374590929584,0.00038663774196131775,0.014301736848968266,2.1809509593269243,0.02940142465740281,0.17995076175352118,193,893,0.10177416227562512
ACSL4,"acyl-CoA synthetase 4 (PUFA activation, pro-ferroptosis)",ERBB2,-0.11347458401356741,-0.15747954557392563,0.04400496156035821,2.144386637964741,0.03222478818014759,0.24019191786591015,119,962,0.10946687685563983
ALOX15,arachidonate 15-lipoxygenase (lipid peroxidation),BRCA2,0.05010921995297545,0.031857797539702935,0.018251422413272517,2.1442850506402165,0.03223191374082728,0.1606099393650471,218,868,0.10946687685563983
NFE2L2,NRF2 (master antioxidant regulator),PIK3CA,-0.22632560981130964,-0.19777405434840978,-0.028551555462899864,-2.136510822599097,0.03286122310355224,-0.1377231080201692,338,748,0.11056112446054958
FTL,ferritin light chain,APC,-0.0007685260978252264,0.017957956909858137,-0.018726483007683363,-2.100518089156078,0.035913834872077804,-0.17562141884365157,148,938,0.11971278290692602
NCOA4,nuclear receptor coactivator 4 (ferritinophagy),PIK3CA,-0.5640323055305158,-0.5975058125535144,0.03347350702299867,2.0673194729287014,0.0389409770994881,0.14029774110526008,338,748,0.12861240142950198
KEAP1,kelch-like ECH-associated protein 1 (NRF2 inhibitor),ERBB2,-0.09405333642378741,-0.1604585421276267,0.06640520570383929,2.060456426745674,0.03959313524192263,0.19070925264951882,119,967,0.12957753351901952
DHODH,dihydroorotate dehydrogenase (mitochondrial anti-ferroptosis),KRAS,-0.3958640688017047,-0.3593858310445847,-0.03647823775712,-2.050308118576299,0.04057447280845594,-0.13406306010910157,364,722,0.13159288478418144
HMOX1,heme oxygenase 1 (releases iron from heme),KRAS,0.010083001469934492,-0.000678793262375745,0.010761794732310237,2.025940229559419,0.04301546336150022,0.12923601180833735,364,722,0.1382639893762507
GCLM,glutamate-cysteine ligase modifier,BRCA2,-0.057774576552214886,-0.07799609259525464,0.020221516043039754,2.017947385291933,0.04384272631407307,0.1442615861643758,218,868,0.13928325351135837
ALOX12,arachidonate 12-lipoxygenase,MYC,0.044882216834976923,0.07371336572945186,-0.02883114889447494,-2.015426976839997,0.04410636361193015,-0.2586850663851494,1025,61,0.13928325351135837
NFE2L2,NRF2 (master antioxidant regulator),KRAS,-0.2240657353658194,-0.19788520927378794,-0.026180526092031448,-1.9968648039671657,0.04608955991706133,-0.12756821196710857,364,722,0.14428036147949636
ATG7,autophagy related 7,BRAF,0.014235279370134583,0.038812029886934135,-0.024576750516799552,-1.9851713616222209,0.047377104235178776,-0.23343236295808487,76,1010,0.1470323924540031
KEAP1,kelch-like ECH-associated protein 1 (NRF2 inhibitor),EGFR,-0.11046414876000103,-0.16241453142347761,0.05195038266347658,1.9724084780887294,0.04881683890682819,0.1523684831006401,193,893,0.14959926284397052
VDAC3,voltage-dependent anion channel 3,EGFR,-0.22047371350496492,-0.19716853461717912,-0.0233051788877858,-1.970499501309087,0.049035313932190336,-0.16271735524137482,193,893,0.14959926284397052
GPX4,glutathione peroxidase 4 (key anti-ferroptosis),KRAS,-0.6480264372608378,-0.71026985804425,0.06224342078341227,1.9513281456676435,0.05127532006245482,0.12577827358849517,364,722,0.15448188663202653
SLC40A1,ferroportin (iron export),CDH1,0.049260934897379004,0.01418781116275648,0.03507312373462253,1.9494947368214242,0.05149396221067551,0.3927197060221217,29,1057,0.15448188663202653
ALOX12,arachidonate 12-lipoxygenase,ARID1A,0.06321296886274494,0.04404876968682827,0.01916419917591667,1.9435446930716802,0.05220892110918139,0.1717987173607703,139,947,0.15504515481154654
GCLM,glutamate-cysteine ligase modifier,KRAS,-0.06296405605236552,-0.0794689053434942,0.01650484929112868,1.9407871215528403,0.05254308024169078,0.12373375972370518,364,722,0.15504515481154654
VDAC2,voltage-dependent anion channel 2,ARID1A,-0.27766245528516237,-0.24715690220361022,-0.030505553081552145,-1.927770724827669,0.05414465582660332,-0.14893405165846987,139,947,0.15847216339493655
GCLC,glutamate-cysteine ligase catalytic (GSH synthesis),CDH1,0.043743516672396565,-0.006284947778904146,0.050028464451300714,1.888128339503715,0.05927558397460091,0.41256090590451494,29,1057,0.17209040508755102
GPX4,glutathione peroxidase 4 (key anti-ferroptosis),PTEN,-0.9560734292368592,-0.6864279138920402,-0.26964551534481906,-1.871728163905453,0.061513354534776674,-0.7109329029919055,12,1074,0.1759708368883524
SLC7A11,"cystine/glutamate transporter (xCT, imports cystine)",ERBB2,0.02487532702150899,0.0002127017163671265,0.024662625305141864,1.8711767619898387,0.06158979291092334,0.20743044563572785,119,967,0.1759708368883524
ATG5,autophagy related 5 (ferritinophagy),BRCA1,0.0455590075983461,0.05818665144414899,-0.012627643845802887,-1.8673953468278104,0.06211611777189683,-0.12477441736898771,339,747,0.17607718423529808
TFRC,transferrin receptor (iron import),MYC,-0.7553008436657475,-0.653250143482312,-0.10205070018343543,-1.8557176219544398,0.0637650809435869,-0.25713328181797646,1025,61,0.17933929015383818
ALOX15,arachidonate 15-lipoxygenase (lipid peroxidation),KRAS,0.04438907996313995,0.031050904581202018,0.01333817538193793,1.8457619036768256,0.06519932645694979,0.11962564490181038,364,722,0.18195160871706917
POR,cytochrome P450 oxidoreductase,VHL,-0.042384540817466315,-0.0578956230334883,0.015511082216021987,1.8367263074942877,0.06652398135620963,0.1533760362187527,905,181,0.18422025606334974
GCLM,glutamate-cysteine ligase modifier,MYC,-0.07573168917068589,-0.04377843706739088,-0.031953252103295006,-1.8323450879279617,0.06717423245921328,-0.2907410248327523,1025,61,0.18460094416272352
SLC7A11,"cystine/glutamate transporter (xCT, imports cystine)",CDH1,0.04799636591067803,0.0016782893697984095,0.046318076540879626,1.8135661879259557,0.07002096990274106,0.3883073914616574,29,1057,0.1909662815529302
ALOX15,arachidonate 15-lipoxygenase (lipid peroxidation),MYC,0.03403671036964751,0.06047131287413273,-0.02643460250448522,-1.784082301721147,0.07468993754187726,-0.2574277555307524,1025,61,0.20132595153333474
FTL,ferritin light chain,BRCA1,0.023504010070070757,0.011730873233219299,0.011773136836851458,1.782558555747155,0.07493799307074127,0.11917446543694905,339,747,0.20132595153333474
GPX4,glutathione peroxidase 4 (key anti-ferroptosis),APC,-0.7567635590285935,-0.6787798016360997,-0.07798375739249375,-1.77633037330014,0.07595891308200885,-0.16210222195219115,148,938,0.20255710155202358
NCOA4,nuclear receptor coactivator 4 (ferritinophagy),ARID1A,-0.5525973975375319,-0.5921501888084754,0.039552791270943466,1.7616641149723244,0.07840792281602225,0.16217905707061617,139,947,0.2075503839247648
GSS,glutathione synthetase,APC,-0.004659214594446781,0.013169130493433196,-0.017828345087879977,-1.7059247616334465,0.08830854445030174,-0.13709045291572616,148,938,0.23205164965042796
ALOX15,arachidonate 15-lipoxygenase (lipid peroxidation),APC,0.05008201913945096,0.03322413580124952,0.016857883338201443,1.6950741869926116,0.09034854305919615,0.1462225523002732,148,938,0.23444146073401642
SLC7A11,"cystine/glutamate transporter (xCT, imports cystine)",EGFR,0.0179227426495899,-0.0003283794581010859,0.018251122107690986,1.6941688680111648,0.09052045289452301,0.15329891772082516,193,893,0.23444146073401642
FTL,ferritin light chain,ERBB2,0.030146168704815676,0.013591962402374083,0.016554206302441594,1.689358821596162,0.09143825042965563,0.16668089813401676,119,967,0.23512692967625734
SLC40A1,ferroportin (iron export),BRCA1,0.007862490929840118,0.018419945228703872,-0.010557454298863754,-1.6859284193725894,0.09209736461562845,-0.11196331465702404,339,747,0.23514220752926412
GCLC,glutamate-cysteine ligase catalytic (GSH synthesis),BRCA2,0.009328826471665753,-0.008534921647033775,0.017863748118699528,1.6745053198248452,0.09431978213037341,0.12968444049271896,218,868,0.2386356472592331
ALOX15,arachidonate 15-lipoxygenase (lipid peroxidation),STK11,0.05234700185036743,0.033586770027689575,0.01876023182267786,1.6721091756948798,0.09479138210575093,0.16737531041487638,112,974,0.2386356472592331
ACSL4,"acyl-CoA synthetase 4 (PUFA activation, pro-ferroptosis)",PTEN,-0.2537886485360131,-0.15149984523601384,-0.10228880329999923,-1.6671827188129744,0.09576827050890822,-0.2635871584462162,12,1069,0.23942067627227054
GCLM,glutamate-cysteine ligase modifier,EGFR,-0.05971069321386215,-0.07701153669741151,0.017300843483549357,1.6466753253015114,0.0999146479735628,0.13929216317559262,193,893,0.24740889034925614
GCH1,"GTP cyclohydrolase 1 (BH4 synthesis, anti-ferroptosis)",BRCA1,-0.09117902902898177,-0.07888244892233083,-0.01229658010665094,-1.6413551695253195,0.10101378612252399,-0.10958828286530303,339,747,0.24740889034925614
VDAC2,voltage-dependent anion channel 2,BRCA2,-0.23373931771683706,-0.2554118622225645,0.021672544505727448,1.6412996989308297,0.10102529689261293,0.12039171958269843,218,868,0.24740889034925614
HMOX1,heme oxygenase 1 (releases iron from heme),VHL,0.0010924531759557838,0.012107478869507641,-0.011015025693551858,-1.6360123589102427,0.10212729125460956,-0.13498276426265332,905,181,0.2481665513882085
GSS,glutathione synthetase,KRAS,0.018974383855392022,0.006587818448060274,0.012386565407331747,1.630558979663577,0.10327390619331778,0.10648825459860366,364,722,0.2481665513882085
ACSL4,"acyl-CoA synthetase 4 (PUFA activation, pro-ferroptosis)",APC,-0.12632604923031354,-0.15680872781741112,0.030482678587097578,1.6299556710091343,0.10340272974508688,0.14260346916965466,148,933,0.2481665513882085
DHODH,dihydroorotate dehydrogenase (mitochondrial anti-ferroptosis),BRCA2,-0.3444789609743039,-0.37842704788665027,0.033948086912346354,1.617903684736242,0.10597427419475862,0.12654469561966017,218,868,0.25265389874247085
GSR,glutathione reductase,BRCA1,0.004188744409587459,0.014369147305052158,-0.010180402895464699,-1.6113401497165492,0.1073967119958231,-0.11028841229894167,339,747,0.2529910508694723
ATG5,autophagy related 5 (ferritinophagy),BRCA2,0.06429045663276556,0.05172190398464946,0.0125685526481161,1.6060009852036585,0.10856494036061254,0.11846358659542669,218,868,0.2529910508694723
GCLC,glutamate-cysteine ligase catalytic (GSH synthesis),VHL,-0.008017391333378322,0.010392880319918226,-0.018410271653296548,-1.6054780328826987,0.10867990350322712,-0.13375505380593503,905,181,0.2529910508694723
NCOA4,nuclear receptor coactivator 4 (ferritinophagy),BRCA2,-0.5630692729377058,-0.5931200064042895,0.030050733466583712,1.604356855171592,0.10892670245768948,0.12519293871533196,218,868,0.2529910508694723
GSR,glutathione reductase,MYC,0.0123291443658609,-0.007928452184972332,0.020257596550833232,1.5931814875763455,0.11141100893019278,0.2323642182951281,1025,61,0.2571023283004449
DHODH,dihydroorotate dehydrogenase (mitochondrial anti-ferroptosis),VHL,-0.3775725523102524,-0.3418117746808414,-0.03576077762941099,-1.5856199885684679,0.11311719308983285,-0.1286342869576774,905,181,0.259377003263311
POR,cytochrome P450 oxidoreductase,EGFR,-0.0556664918551352,-0.04265787713418511,-0.013008614720950086,-1.5794235220400143,0.11453068406172366,-0.13166097545237027,193,893,0.26095598900139566
ATG7,autophagy related 7,ARID1A,0.024117657817959284,0.03899649100447451,-0.014878833186515228,-1.5727665237829334,0.11606469852934119,-0.12708882575411712,139,947,0.26278799667020647
GSR,glutathione reductase,EGFR,0.02097579409270758,0.009076605970696023,0.011899188122011557,1.5536290113784832,0.1205648272775769,0.11078090032919154,193,893,0.27127086137454803
GPX4,glutathione peroxidase 4 (key anti-ferroptosis),BRCA1,-0.7236219755949127,-0.6738803359360347,-0.04974163965887801,-1.5296942362645862,0.1263841786680353,-0.09916392240663836,339,747,0.28259816348132116
NFE2L2,NRF2 (master antioxidant regulator),PTEN,-0.11823180653962306,-0.2076482933802213,0.08941648684059825,1.5091061682915612,0.13156305447591066,0.5434463444488089,12,1074,0.2908045502958349
VDAC3,voltage-dependent anion channel 3,BRCA1,-0.21142903763730508,-0.1967181852216235,-0.014710852415681597,-1.5065906924740142,0.13220694908943825,-0.09820524954461884,339,747,0.2908045502958349
NFE2L2,NRF2 (master antioxidant regulator),BRCA1,-0.19284642243103098,-0.21292919888181205,0.020082776450781076,1.5024128956213052,0.1332817518524115,0.10161950640219976,339,747,0.2908045502958349
VDAC2,voltage-dependent anion channel 2,ERBB2,-0.2284049038220782,-0.25384951821781715,0.025444614395738946,1.5023986865137058,0.133285418885591,0.15862104138092653,119,967,0.2908045502958349
FTL,ferritin light chain,ARID1A,0.0036298331720014962,0.017134398002175918,-0.013504564830174422,-1.4735109399789916,0.14090363140595602,-0.12350973354710017,139,947,0.3055741403984588
GCLC,glutamate-cysteine ligase catalytic (GSH synthesis),PIK3CA,0.004389118545414579,-0.009168649581754425,0.013557768127169004,1.4685671854388302,0.14224033649826986,0.09968073202151896,338,748,0.30662587508609074
GSR,glutathione reductase,CTNNB1,-0.001470277410931651,0.01263275711214105,-0.0141030345230727,-1.4589653090888703,0.144864350438304,-0.13770391275517044,111,975,0.310231552228095
ATG5,autophagy related 5 (ferritinophagy),KRAS,0.06067497801070057,0.05100310278216566,0.00967187522853491,1.4561653501930565,0.1456364786848557,0.09147321859213217,364,722,0.310231552228095
ALOX12,arachidonate 12-lipoxygenase,BRCA2,0.055922873623546594,0.044135485156007785,0.011787388467538809,1.4321294388372507,0.15239506085508975,0.10544937965714915,218,868,0.3227189523990136
LPCAT3,lysophosphatidylcholine acyltransferase 3,PIK3CA,-0.21146189482668865,-0.19991651609305108,-0.011545378733637562,-1.427181605781126,0.1538155364234172,-0.09479765333847753,338,748,0.3238221819440362
ACSL4,"acyl-CoA synthetase 4 (PUFA activation, pro-ferroptosis)",BRCA2,-0.13440638044526693,-0.15721367336007877,0.022807292914811844,1.4206373770583418,0.1557111070799575,0.11202255813330059,217,864,0.32590696830688776
TFRC,transferrin receptor (iron import),CDH1,-0.8574973493703424,-0.7466075689480342,-0.11088978042230824,-1.410934135339335,0.15855095380325576,-0.281692182804209,29,1057,0.32993262063105244
NCOA4,nuclear receptor coactivator 4 (ferritinophagy),ERBB2,-0.6167456360237715,-0.5834379900439651,-0.0333076459798064,-1.386302742431723,0.16593954568930774,-0.13204964004774117,119,967,0.3433231979778781
KEAP1,kelch-like ECH-associated protein 1 (NRF2 inhibitor),APC,-0.18817009628456124,-0.14766160236858278,-0.040508493915978466,-1.3790652297000634,0.16815911021423216,-0.11697610387133739,148,938,0.3459273124407062
ALOX15,arachidonate 15-lipoxygenase (lipid peroxidation),CTNNB1,0.04911201351444832,0.033974302270879005,0.015137711243569316,1.343271319737599,0.17946528207486978,0.13365707164066085,111,975,0.36708807697132456
GSS,glutathione synthetase,PIK3CA,0.01785334301593574,0.007524934095556061,0.01032840892037968,1.3330075531928658,0.1828094108477861,0.09047395468369795,338,748,0.371190858430397
NCOA4,nuclear receptor coactivator 4 (ferritinophagy),STK11,-0.5576328213580227,-0.5904747341552818,0.03284191279725912,1.3308043202492372,0.18353325777947407,0.14220082874115442,112,974,0.371190858430397
POR,cytochrome P450 oxidoreductase,BRCA2,-0.036696093469754935,-0.04704765994523251,0.010351566475477574,1.316452209205089,0.18830058262589489,0.09654388205591127,218,868,0.37870508237610145
ALOX12,arachidonate 12-lipoxygenase,VHL,0.044570140324492545,0.05615917442918321,-0.011589034104690664,-1.3098462886503304,0.19052535688475958,-0.11274192500674216,905,181,0.38105071376951916
GCH1,"GTP cyclohydrolase 1 (BH4 synthesis, anti-ferroptosis)",VHL,-0.08473030857601266,-0.07267376201389222,-0.012056546562120435,-1.2937209059277561,0.19603742819230738,-0.10575061552329855,905,181,0.3899086969570755
KEAP1,kelch-like ECH-associated protein 1 (NRF2 inhibitor),PTEN,-0.2749049018168205,-0.15182206559594402,-0.12308283622087646,-1.2765630041766782,0.2020299789232158,-0.4716120099162171,12,1074,0.3996197385294379
ATG5,autophagy related 5 (ferritinophagy),PIK3CA,0.06006009960142857,0.05161713708467348,0.008442962516755095,1.246439996933722,0.21287218691116927,0.08259750971149338,338,748,0.4187649578580379
GPX4,glutathione peroxidase 4 (key anti-ferroptosis),CDH1,-0.5772978764517409,-0.6924832755475808,0.11518539909583991,1.2319522776653518,0.21823407437692507,0.24621805843925176,29,1057,0.42697971073746216
SLC7A11,"cystine/glutamate transporter (xCT, imports cystine)",BRCA2,-0.007040900974855406,0.005415625446780023,-0.012456526421635429,-1.2107851206951827,0.22624168493200272,-0.08768658694374598,218,868,0.44025408959741075
ATG5,autophagy related 5 (ferritinophagy),STK11,0.043156731591784604,0.0555198955506558,-0.012363163958871194,-1.1988426969978758,0.23085112288921117,-0.10546967928792143,112,974,0.4468086249468603
GSS,glutathione synthetase,MYC,0.009698699156452852,0.028228098483574462,-0.01852939932712161,-1.189065044304414,0.23467447440762024,-0.1813374331351311,1025,61,0.45177973682750416
ACSL4,"acyl-CoA synthetase 4 (PUFA activation, pro-ferroptosis)",EGFR,-0.13629033266042356,-0.1561654156005958,0.019875082940172234,1.180885740504521,0.23790834929401164,0.10314522811987632,192,889,0.4555691794991712
VDAC3,voltage-dependent anion channel 3,ERBB2,-0.21631601643328027,-0.19946362167946105,-0.016852394753819222,-1.1629530295239217,0.2451045040037699,-0.11216772424271602,119,967,0.46686572191194264
ALOX15,arachidonate 15-lipoxygenase (lipid peroxidation),EGFR,0.02704476111271464,0.03735357146635708,-0.01030881035364244,-1.1541391673271246,0.24869750131204657,-0.09414062984237428,193,893,0.4712163182754566
HMOX1,heme oxygenase 1 (releases iron from heme),PIK3CA,0.007197476717250071,0.0009991666700405646,0.0061983100472095065,1.1429993426719705,0.2532912363431921,0.07469044405552637,338,748,0.47740756588245636
NFE2L2,NRF2 (master antioxidant regulator),ARID1A,-0.18829293739979924,-0.2093562095778892,0.021063272178089953,1.135586175571763,0.2563808077199112,0.10091994977051871,139,947,0.4807140144748335
ACSL4,"acyl-CoA synthetase 4 (PUFA activation, pro-ferroptosis)",VHL,-0.14947517799747506,-0.16866692476410666,0.0191917467666316,1.1064494864414054,0.26877863466426544,0.0915933314716979,903,178,0.5013487485965573
KEAP1,kelch-like ECH-associated protein 1 (NRF2 inhibitor),STK11,-0.12072546954875067,-0.1569142758546054,0.036188806305854734,1.0917600089525314,0.2751811920933384,0.10425397049221329,112,974,0.5099681345169994
POR,cytochrome P450 oxidoreductase,STK11,-0.03484892801494637,-0.04613350849198604,0.011284580477039667,1.0893702960444265,0.27623273953004135,0.11321105387956701,112,974,0.5099681345169994
KEAP1,kelch-like ECH-associated protein 1 (NRF2 inhibitor),CTNNB1,-0.18559180269970624,-0.14949237658684958,-0.03609942611285666,-1.0847395419290873,0.27827821602108455,-0.10997172244559204,111,975,0.5111232539162778
LPCAT3,lysophosphatidylcholine acyltransferase 3,CDH1,-0.22790201727097525,-0.20284060169173573,-0.02506141557923952,-1.0782740186936928,0.28115136857732864,-0.1936619898749706,29,1057,0.5119164371748526
DHODH,dihydroorotate dehydrogenase (mitochondrial anti-ferroptosis),PIK3CA,-0.3850918109287208,-0.3655214692033464,-0.01957034172537442,-1.0773714728806156,0.28155404044616894,-0.07054700754500007,338,748,0.5119164371748526
SLC40A1,ferroportin (iron export),EGFR,0.021825947917547783,0.013676008469172305,0.008149939448375478,1.0728533222907148,0.2835757078331216,0.09011979429328784,193,893,0.5130012805021295
ALOX15,arachidonate 15-lipoxygenase (lipid peroxidation),BRCA1,0.030211652403753144,0.037931228981711494,-0.00771957657795835,-1.0474948450197719,0.2951049074755717,-0.06960979073292664,339,747,0.530813670055971
NFE2L2,NRF2 (master antioxidant regulator),STK11,-0.18756695620774194,-0.20885580048620747,0.02128884427846553,1.0447510405840625,0.2963709657812505,0.10867294150889062,112,974,0.530813670055971
ALOX12,arachidonate 12-lipoxygenase,CTNNB1,0.036482422165457024,0.04764229610767404,-0.011159873942217013,-1.0249425449013116,0.30561896095993946,-0.10836789574055458,111,975,0.5446674551761297
GCLC,glutamate-cysteine ligase catalytic (GSH synthesis),CTNNB1,0.007935435851534953,-0.006415857639305192,0.014351293490840144,1.0165450211221465,0.3095967491596739,0.11123366944950111,111,975,0.546139936390056
GSS,glutathione synthetase,BRCA2,0.0034660703132913424,0.012566218104337216,-0.009100147791045874,-1.0157281889512435,0.30998549064518494,-0.07831739370358208,218,868,0.546139936390056
KEAP1,kelch-like ECH-associated protein 1 (NRF2 inhibitor),ARID1A,-0.17981749619551915,-0.14927257159521495,-0.030544924600304196,-1.012167458605034,0.31168385941608845,-0.09046771274373218,139,947,0.546139936390056
NCOA4,nuclear receptor coactivator 4 (ferritinophagy),VHL,-0.5836950229589639,-0.6040512225496176,0.020356199590653712,1.010432917469541,0.3125134080454209,0.08139158331358262,905,181,0.546139936390056
HMOX1,heme oxygenase 1 (releases iron from heme),STK11,0.010253019577980358,0.0020860221836622866,0.008166997394318072,0.9891195551447767,0.32282537894638985,0.10116440171712936,112,974,0.5614354416458954
HMOX1,heme oxygenase 1 (releases iron from heme),ERBB2,0.009926637934220788,0.0020670670997400132,0.007859570834480774,0.9776398880656574,0.3284705872356498,0.09976065977393087,119,967,0.5685067856001632
VDAC3,voltage-dependent anion channel 3,BRAF,-0.18528271984741537,-0.20251627862494617,0.0172335587775308,0.9711232806575713,0.33170352786687085,0.11236075197471639,76,1010,0.5692430040040177
ATG5,autophagy related 5 (ferritinophagy),ARID1A,0.04629887794922598,0.05541118074939409,-0.009112302800168115,-0.97041044064895,0.3320584190023437,-0.08224041346058145,139,947,0.5692430040040177
SLC40A1,ferroportin (iron export),PIK3CA,0.01922588632983368,0.013271034667879426,0.005954851661954252,0.9493179359677506,0.3426705266768614,0.06142681846958899,338,748,0.5845938130856871
VDAC3,voltage-dependent anion channel 3,ARID1A,-0.190128868491445,-0.2029514418155104,0.01282257332406539,0.9461934269292083,0.3442608010393491,0.08077757865503578,139,947,0.5845938130856871
ACSL4,"acyl-CoA synthetase 4 (PUFA activation, pro-ferroptosis)",CDH1,-0.11634483847819083,-0.1536357395664101,0.03729090108821928,0.936490008697122,0.3492305065436674,0.21527780321157908,29,1052,0.5863510758450581
HMOX1,heme oxygenase 1 (releases iron from heme),CTNNB1,0.00989130078319766,0.0021355788848060786,0.007755721898391582,0.9355419524021902,0.3497174360178831,0.0926284150042231,111,975,0.5863510758450581
GSS,glutathione synthetase,CTNNB1,0.020680853231579668,0.009607698394007049,0.011073154837572619,0.9346402229954447,0.35018189251857634,0.10193728129910486,111,975,0.5863510758450581
GSS,glutathione synthetase,BRAF,0.02289707812343348,0.009824656144040862,0.013072421979392618,0.9292462699196852,0.3529683489935863,0.11472068358502518,76,1010,0.5869123427815949
TFRC,transferrin receptor (iron import),ERBB2,-0.7160445749863146,-0.7536942286312728,0.0376496536449582,0.9276845753173998,0.3537777177322391,0.09024191822003053,119,967,0.5869123427815949
ATG5,autophagy related 5 (ferritinophagy),BRAF,0.043684869006984324,0.05503948728721565,-0.011354618280231328,-0.9233516131779412,0.3560294765914225,-0.10692283936155812,76,1010,0.5879385851968445
ATG5,autophagy related 5 (ferritinophagy),ERBB2,0.06244229634007524,0.053236089907083416,0.009206206432991824,0.9166257220970548,0.35954267714466104,0.09120195377590037,119,967,0.5910290583199908
SLC40A1,ferroportin (iron export),BRAF,0.005521668594703678,0.015846967027584268,-0.010325298432880589,-0.906955431031351,0.3646319285466868,-0.10477751998132125,76,1010,0.596670428530942
GSS,glutathione synthetase,CDH1,-0.008640522620801845,0.011271197539134787,-0.019911720159936634,-0.8944165846547293,0.3712975843361671,-0.1968947384131463,29,1057,0.604828644167512
GCH1,"GTP cyclohydrolase 1 (BH4 synthesis, anti-ferroptosis)",ARID1A,-0.07466035952342788,-0.0839040023358495,0.009243642812421626,0.8887974577593781,0.3743091245260445,0.07876249928273979,139,947,0.6049967436132885
TFRC,transferrin receptor (iron import),APC,-0.7213138068681878,-0.7540268444491688,0.032713037580980986,0.8852998701498077,0.37619125362484174,0.07947703310740357,148,938,0.6049967436132885
VDAC3,voltage-dependent anion channel 3,STK11,-0.18949609471344506,-0.20266875309208765,0.013172658378642593,0.8848339463823565,0.3764424182482684,0.08052533004468387,112,974,0.6049967436132885
GSR,glutathione reductase,STK11,0.0037170661905709117,0.012050745357679846,-0.008333679167108934,-0.8650032121011916,0.38722840782578194,-0.08502891931923008,112,974,0.6195654525212511
ALOX12,arachidonate 12-lipoxygenase,PTEN,0.07329348478099255,0.046202295854726266,0.027091188926266288,0.8584885628139494,0.39081252672357836,0.2301614014315625,12,1074,0.6225332284092399
NCOA4,nuclear receptor coactivator 4 (ferritinophagy),APC,-0.5711789039943456,-0.589597856362665,0.018418952368319474,0.8415536492411253,0.4002234526752102,0.06930067602912748,148,938,0.6347156077668532
SLC7A11,"cystine/glutamate transporter (xCT, imports cystine)",PIK3CA,0.008034714357566742,0.0006017553775789067,0.007432958979987836,0.8348318187712848,0.40399635394527555,0.055688500728170665,338,748,0.6378889799135931
ACSL4,"acyl-CoA synthetase 4 (PUFA activation, pro-ferroptosis)",KRAS,-0.14523008480864272,-0.15639476634502794,0.011164681536385224,0.8199905726135706,0.41240257827980054,0.053917532732261214,364,717,0.6483184636713022
SLC40A1,ferroportin (iron export),STK11,0.022090614427596682,0.014323341576146576,0.007767272851450105,0.8132810313126262,0.4162355412359805,0.07922388787646628,112,974,0.6514991080215348
GSR,glutathione reductase,APC,0.005254671818668397,0.012127980770321095,-0.006873308951652698,-0.8047675584646916,0.42113029380131906,-0.0751651533416551,148,938,0.6554173476541902
ATG7,autophagy related 7,APC,0.03070073121559182,0.03810055778041164,-0.007399826564819818,-0.8026031608755987,0.42238006848825593,-0.07171546053244379,148,938,0.6554173476541902
HMOX1,heme oxygenase 1 (releases iron from heme),PTEN,0.021792461989135394,0.0027175179290048813,0.01907494406013051,0.793933729342106,0.427407773537283,0.22436056021627357,12,1074,0.6603725256370038
ATG7,autophagy related 7,VHL,0.036003421651819884,0.04253555150849015,-0.006532129856670267,-0.7695822476280927,0.4417153991738483,-0.0640464622933584,905,181,0.6794130134960805
GSR,glutathione reductase,BRAF,0.0030026036417780447,0.011807464866286116,-0.00880486122450807,-0.7665673176250986,0.4435057171432748,-0.09396312713708709,76,1010,0.6794130134960805
VDAC3,voltage-dependent anion channel 3,PTEN,-0.16905817570276893,-0.20167060522454933,0.032612429521780395,0.7528917098238378,0.4516784610653345,0.20352240925711731,12,1074,0.6863830252884626
FTL,ferritin light chain,PTEN,-0.006409432324946766,0.01564966006226086,-0.022059092387207626,-0.7525748528348464,0.4518688249815712,-0.19838252405367232,12,1074,0.6863830252884626
SLC7A11,"cystine/glutamate transporter (xCT, imports cystine)",BRCA1,0.007473988281915128,0.0008462710143471905,0.006627717267567938,0.7449443014145753,0.4564668669386328,0.049964915403845636,339,747,0.6904540844449908
KEAP1,kelch-like ECH-associated protein 1 (NRF2 inhibitor),CDH1,-0.10864760064558479,-0.1544039516112808,0.045756350965696,0.7315109599413488,0.46462521363945863,0.13197429503953226,29,1057,0.699853878285377
NCOA4,nuclear receptor coactivator 4 (ferritinophagy),CTNNB1,-0.6030309098822197,-0.5852726523717093,-0.01775825751051041,-0.7163243157138095,0.4739454045075814,-0.06791381653000617,111,975,0.7109181067613721
GCH1,"GTP cyclohydrolase 1 (BH4 synthesis, anti-ferroptosis)",CTNNB1,-0.08996955622957033,-0.08189565071212682,-0.008073905517443511,-0.7038267059926936,0.48169185460845976,-0.07195238330786237,111,975,0.7189509408774599
ALOX15,arachidonate 15-lipoxygenase (lipid peroxidation),PIK3CA,0.03196353219548163,0.03712928386649467,-0.00516575167101304,-0.7001956990437818,0.48395534177016086,-0.0450363426490221,338,748,0.7189509408774599
ATG7,autophagy related 7,BRCA2,0.03268578608652425,0.03819876733994403,-0.005512981253419785,-0.6980559949580935,0.4852918850922855,-0.05236846259886471,218,868,0.7189509408774599
KEAP1,kelch-like ECH-associated protein 1 (NRF2 inhibitor),BRCA2,-0.16716424400850202,-0.14967045170275609,-0.017493792305745937,-0.6948556114547598,0.4872947000459824,-0.05492691677980944,218,868,0.7189593935104658
ATG7,autophagy related 7,KRAS,0.0340623285010746,0.03861958981100077,-0.004557261309926168,-0.6800391041491115,0.49662490278730187,-0.04376381700396805,364,722,0.7297345510344028
VDAC2,voltage-dependent anion channel 2,BRAF,-0.2640743080361394,-0.25008219827793055,-0.01399210975820886,-0.6742060324444364,0.500324080436469,-0.0781770690226452,76,1010,0.7321815811265401
LPCAT3,lysophosphatidylcholine acyltransferase 3,APC,-0.197239004129906,-0.20449925573325894,0.007260251603352946,0.6645484725746055,0.5064806737980612,0.055695407996975595,148,938,0.7369958452121907
GCLC,glutamate-cysteine ligase catalytic (GSH synthesis),KRAS,-0.0009568656280448926,-0.006961674141542719,0.006004808513497826,0.6626302545698562,0.5077082489239536,0.043138847063653014,364,722,0.7369958452121907
GCH1,"GTP cyclohydrolase 1 (BH4 synthesis, anti-ferroptosis)",KRAS,-0.07952045200009644,-0.08433439841796518,0.004813946417868739,0.6539209575882111,0.5133014254545576,0.042211841577261405,364,722,0.7402815652542681
NCOA4,nuclear receptor coactivator 4 (ferritinophagy),CDH1,-0.6166813342897797,-0.5862757884247299,-0.030405545865049732,-0.6527056990398106,0.514084420315464,-0.13307946200267298,29,1057,0.7402815652542681
VDAC3,voltage-dependent anion channel 3,KRAS,-0.1971815469547784,-0.2033917521164264,0.006210205161647997,0.6473695244279313,0.5175298830687225,0.04165981370172735,364,722,0.7408823497388132
GCH1,"GTP cyclohydrolase 1 (BH4 synthesis, anti-ferroptosis)",STK11,-0.07610388250286257,-0.08348177140193569,0.007377888899073121,0.6456886794787939,0.5186176448171692,0.06023291952065808,112,974,0.7408823497388132
GSR,glutathione reductase,ERBB2,0.016511909965829297,0.010536525445491648,0.005975384520337648,0.6369076127790192,0.5243195006332341,0.06575340272992589,119,967,0.742592341570176
HMOX1,heme oxygenase 1 (releases iron from heme),CDH1,-0.006718102621668609,0.0031929505919103653,-0.009911053213578973,-0.6361204091407556,0.5248322262971804,-0.12646050508876164,29,1057,0.742592341570176
LPCAT3,lysophosphatidylcholine acyltransferase 3,ARID1A,-0.20971586667698383,-0.2025989113209316,-0.007116955356052224,-0.6343245004259518,0.526002908612208,-0.056018712026342836,139,947,0.742592341570176
ALOX12,arachidonate 12-lipoxygenase,ERBB2,0.04059536631291755,0.04722847877364088,-0.006633112460723331,-0.627984843127498,0.530146142004811,-0.06012395784389969,119,967,0.7454968913061855
ATG7,autophagy related 7,MYC,0.037574337155650665,0.02898911202281589,0.008585225132834776,0.6248485727126909,0.5322019474046935,0.07562832811385371,1025,61,0.7454968913061855
KEAP1,kelch-like ECH-associated protein 1 (NRF2 inhibitor),PIK3CA,-0.14387202205495037,-0.15738905590544452,0.013517033850494159,0.6205738599987647,0.535010489903943,0.040291321212004676,338,748,0.746526264982246
GCLM,glutamate-cysteine ligase modifier,BRAF,-0.06515727567226798,-0.07459753773264505,0.00944026206037707,0.5989867449194625,0.5493068767422258,0.08018255220014334,76,1010,0.7599571083674879
GSR,glutathione reductase,ARID1A,0.015717987197592518,0.010526860793303856,0.005191126404288662,0.5917751901566235,0.5541245324253296,0.05313652560201199,139,947,0.7599571083674879
GSR,glutathione reductase,CDH1,0.021619651091413533,0.010905172667997273,0.01071447842341626,0.5894130244716452,0.5557070598781568,0.10349451077863547,29,1057,0.7599571083674879
LPCAT3,lysophosphatidylcholine acyltransferase 3,EGFR,-0.20825487201001386,-0.2024843048052523,-0.005770567204761545,-0.5885000729162911,0.5563192810938017,-0.04868365617455992,193,893,0.7599571083674879
ALOX12,arachidonate 12-lipoxygenase,BRCA1,0.04938177194897457,0.045194600903139946,0.004187171045834624,0.5880526503388153,0.5566194408944809,0.039077636538111686,339,747,0.7599571083674879
VDAC2,voltage-dependent anion channel 2,CTNNB1,-0.26027342529767583,-0.2500126332958097,-0.010260792001866137,-0.5870358354367449,0.5573018794694911,-0.056685177801948955,111,975,0.7599571083674879
ALOX12,arachidonate 12-lipoxygenase,STK11,0.05216222651701896,0.045850737366983356,0.0063114891500356055,0.5817738794173875,0.560839962114904,0.056369922674784176,112,974,0.7601907615847794
GCH1,"GTP cyclohydrolase 1 (BH4 synthesis, anti-ferroptosis)",PIK3CA,-0.08569937863404663,-0.08137498690842004,-0.0043243917256265835,-0.5761289901077142,0.5646475910499325,-0.03736919544324463,338,748,0.7601907615847794
VDAC3,voltage-dependent anion channel 3,CDH1,-0.216983662980847,-0.20088022884877452,-0.01610343413207249,-0.5732761774344786,0.5665766156867418,-0.09981642703980971,29,1057,0.7601907615847794
GCLC,glutamate-cysteine ligase catalytic (GSH synthesis),MYC,-0.0055451132309712065,0.005067430212185306,-0.010612543443156514,-0.5711846733379592,0.5679928638658553,-0.08996385043082447,1025,61,0.7601907615847794
SLC40A1,ferroportin (iron export),APC,0.01930131953230634,0.014465339254025858,0.00483598027828048,0.5711277538992071,0.5680314301841823,0.04486606380669892,148,938,0.7601907615847794
VDAC3,voltage-dependent anion channel 3,PIK3CA,-0.205070878203549,-0.19961092418021342,-0.0054599540233355726,-0.5582177266327584,0.5768109906766585,-0.036573363266147026,338,748,0.7673284592287544
ATG5,autophagy related 5 (ferritinophagy),APC,0.05864529262661853,0.053550563854881744,0.005094728771736785,0.5570213728111717,0.5776278123638678,0.05010547919836172,148,938,0.7673284592287544
LPCAT3,lysophosphatidylcholine acyltransferase 3,BRCA2,-0.19939099409861633,-0.20454428315152606,0.0051532890529097375,0.5506651791061878,0.5819766805323373,0.04108700835070515,218,868,0.7682649939439805
DHODH,dihydroorotate dehydrogenase (mitochondrial anti-ferroptosis),CDH1,-0.3995005859191599,-0.37084727915454596,-0.028653306764613917,-0.5490313425360235,0.5830970113384227,-0.10987839608712953,29,1057,0.7682649939439805
LPCAT3,lysophosphatidylcholine acyltransferase 3,MYC,-0.2030099505579306,-0.2119094289695752,0.008899478411644596,0.5466451801496262,0.584735023168474,0.07695001270523202,1025,61,0.7682649939439805
GCH1,"GTP cyclohydrolase 1 (BH4 synthesis, anti-ferroptosis)",APC,-0.08734318452041707,-0.08199156596672093,-0.005351618553696147,-0.5283143464323786,0.5973893142801177,-0.046207180748379595,148,938,0.7798556445514482
VDAC2,voltage-dependent anion channel 2,PTEN,-0.27742302424361936,-0.25076684486083145,-0.026656179382787915,-0.5262559840702051,0.5988180120304865,-0.13902532530296427,12,1074,0.7798556445514482
POR,cytochrome P450 oxidoreductase,BRCA1,-0.04741760298627706,-0.04385883506896984,-0.0035587679173072206,-0.5232131775577562,0.6009328439283192,-0.034319894706298315,339,747,0.7798556445514482
ALOX12,arachidonate 12-lipoxygenase,PIK3CA,0.04394258545642408,0.04765801294261574,-0.0037154274861916636,-0.5213609279329575,0.6022218588480628,-0.03321401987663276,338,748,0.7798556445514482
VDAC2,voltage-dependent anion channel 2,MYC,-0.2517226554596137,-0.2399499315631536,-0.011772723896460086,-0.511926027544924,0.6088070542383197,-0.07308940628004092,1025,61,0.7827622126007747
FTL,ferritin light chain,VHL,0.014704337836655264,0.018913789927048563,-0.004209452090393299,-0.511914593439519,0.608815054245047,-0.042855959237056415,905,181,0.7827622126007747
ATG7,autophagy related 7,CTNNB1,0.03234661449921788,0.03763236636771335,-0.005285751868495475,-0.5061041739365111,0.6128864279421002,-0.04937827846305716,111,975,0.7851925767229754
ATG7,autophagy related 7,STK11,0.041782948328107215,0.03655271170963624,0.005230236618470975,0.5027805920615401,0.6152206700758136,0.049136974193890376,112,974,0.7853880894584855
ALOX15,arachidonate 15-lipoxygenase (lipid peroxidation),PTEN,0.05145601808941008,0.03534348789305203,0.016112530196358055,0.4930418379087233,0.6220828851865591,0.131782692241091,12,1074,0.788574736256167
FTL,ferritin light chain,EGFR,0.018655871602341664,0.014703514557353707,0.003952357044987956,0.4930206550062737,0.6220978474909762,0.04203015796999617,193,893,0.788574736256167
HMOX1,heme oxygenase 1 (releases iron from heme),APC,0.005932529554765883,0.0024542744408480983,0.003478255113917785,0.4750517216544638,0.6348458060686402,0.040970002938077454,148,938,0.8019104918761771
LPCAT3,lysophosphatidylcholine acyltransferase 3,ERBB2,-0.19854654256264295,-0.2041206162606706,0.005574073698027648,0.4644691813631609,0.6424049042577317,0.04559998572269791,119,967,0.808621557806935
GCH1,"GTP cyclohydrolase 1 (BH4 synthesis, anti-ferroptosis)",PTEN,-0.09753031617564188,-0.08255541563472835,-0.014974900540913536,-0.45041870541963286,0.6524986287337475,-0.08651715284263109,12,1074,0.8184651788994742
ATG5,autophagy related 5 (ferritinophagy),MYC,0.054584188257700395,0.04854326623730691,0.006040922020393483,0.4432265812943371,0.6576902951303396,0.05480783746725173,1025,61,0.8196201985236614
SLC7A11,"cystine/glutamate transporter (xCT, imports cystine)",BRAF,0.009571536813517804,0.0024142670073853743,0.007157269806132429,0.4428357693425264,0.657972881592606,0.04647290533772888,76,1010,0.8196201985236614
TFRC,transferrin receptor (iron import),EGFR,-0.7377141202180046,-0.7521307931777573,0.014416672959752685,0.43459784493526593,0.663940856805971,0.0350688247686672,193,893,0.8231129187468281
GCLM,glutamate-cysteine ligase modifier,VHL,-0.074714612548336,-0.07004829671171164,-0.004666315836624357,-0.4324829501010283,0.6654764638573624,-0.036756036882866154,905,181,0.8231129187468281
DHODH,dihydroorotate dehydrogenase (mitochondrial anti-ferroptosis),APC,-0.3625142632276356,-0.37304795319863604,0.01053368997100046,0.4295119796754894,0.6676360340946494,0.03787603871194108,148,938,0.8231129187468281
GSR,glutathione reductase,KRAS,0.009480468439671864,0.012053804542497994,-0.0025733361028261303,-0.41446974361790456,0.6786121242890046,-0.0271150584990067,364,722,0.8282840115648946
SLC40A1,ferroportin (iron export),PTEN,0.026502588965792915,0.01499725553395538,0.011505333431837536,0.41397816576028373,0.6789719915547335,0.1256477999010068,12,1074,0.8282840115648946
ATG7,autophagy related 7,CDH1,0.04495219149782608,0.03687645966366769,0.00807573183415839,0.4115004793154523,0.6807869349774456,0.0710752809093856,29,1057,0.8282840115648946
POR,cytochrome P450 oxidoreductase,PTEN,-0.032760657825576175,-0.04510613530257121,0.012345477476995034,0.40944753548717305,0.6822921519140777,0.13576555587682715,12,1074,0.8282840115648946
NCOA4,nuclear receptor coactivator 4 (ferritinophagy),KRAS,-0.5828150451487335,-0.5892418152703658,0.006426770121632286,0.4039127089669285,0.6863565792009916,0.02602891696278352,364,722,0.8282840115648946
GCH1,"GTP cyclohydrolase 1 (BH4 synthesis, anti-ferroptosis)",ERBB2,-0.08664435852480011,-0.08223805741608556,-0.004406301108714553,-0.3960147610389265,0.6921720714311504,-0.038900719784294026,119,967,0.8282840115648946
FTL,ferritin light chain,MYC,0.015112173767171277,0.020341698485544978,-0.0052295247183737,-0.3928944230383134,0.6944747098720474,-0.055203613725670106,1025,61,0.8282840115648946
ALOX15,arachidonate 15-lipoxygenase (lipid peroxidation),VHL,0.034921770855993996,0.03852030712450957,-0.0035985362685155772,-0.39255354461319303,0.6947264310886254,-0.03243345953755967,905,181,0.8282840115648946
POR,cytochrome P450 oxidoreductase,PIK3CA,-0.043138000426344414,-0.04579742388337431,0.002659423457029894,0.39065306716494114,0.6961304533407162,0.025392873179830848,338,748,0.8282840115648946
SLC40A1,ferroportin (iron export),ARID1A,0.01808400391821149,0.014689975677324388,0.0033940282408871023,0.39028286754161284,0.6964040685630444,0.033898682170459264,139,947,0.8282840115648946
NFE2L2,NRF2 (master antioxidant regulator),CTNNB1,-0.21377080331816242,-0.20585075856463297,-0.007920044753529448,-0.38696806374251375,0.698855805661003,-0.03848223977181528,111,975,0.8282840115648946
HMOX1,heme oxygenase 1 (releases iron from heme),BRCA1,0.0014882078441215822,0.0035818224102592377,-0.0020936145661376556,-0.3861790755136355,0.6994398319881332,-0.025672867638751453,339,747,0.8282840115648946
POR,cytochrome P450 oxidoreductase,BRAF,-0.04058257503435715,-0.04529984307550223,0.004717268041145077,0.38181348583764935,0.7026745477096967,0.04774838275363631,76,1010,0.8293863513950519
SLC7A11,"cystine/glutamate transporter (xCT, imports cystine)",VHL,0.002228778217121663,0.006346973418737442,-0.0041181952016157795,-0.3722089371434637,0.7098100447094173,-0.0323816320789703,905,181,0.832206210031255
FTL,ferritin light chain,CTNNB1,0.012038168012161005,0.01578931802012198,-0.0037511500079609756,-0.37077602130923365,0.710876805510614,-0.03672117036707875,111,975,0.832206210031255
GCLM,glutamate-cysteine ligase modifier,APC,-0.07019868439473545,-0.0745267172394915,0.004328032844756052,0.36926994116730116,0.7119986463600736,0.029977432769049735,148,938,0.832206210031255
ATG5,autophagy related 5 (ferritinophagy),PTEN,0.0650990899653451,0.05412359695068387,0.010975493014661226,0.3655947439663814,0.7147388246729438,0.11249103558099867,12,1074,0.8327054268034297
ALOX15,arachidonate 15-lipoxygenase (lipid peroxidation),ERBB2,0.03205348825810517,0.035948307250771756,-0.003894818992666589,-0.356104919472814,0.7218312859330221,-0.03265888377716507,119,967,0.8373236063295709
FTL,ferritin light chain,STK11,0.018605913124482627,0.015037946046228693,0.0035679670782539346,0.354070964225726,0.7233545599124904,0.03530624153319454,112,974,0.8373236063295709
GSR,glutathione reductase,VHL,0.010737069310799137,0.013462373842270128,-0.002725304531470992,-0.346533551158547,0.7290090278024453,-0.03033257570187954,905,181,0.8411642628489753
LPCAT3,lysophosphatidylcholine acyltransferase 3,VHL,-0.20404764233077322,-0.20082076342360894,-0.0032268789071642767,-0.3207902248949171,0.7484311992219119,-0.025675065280917068,905,181,0.8608154368047549
ALOX12,arachidonate 12-lipoxygenase,APC,0.04911343802075599,0.046089550893684474,0.003023887127071516,0.31440087930380234,0.7532770881284416,0.025416260343097106,148,938,0.8636297825676401
LPCAT3,lysophosphatidylcholine acyltransferase 3,PTEN,-0.19253919894057747,-0.20363240605375799,0.011093207113180514,0.30933091026006276,0.7571292669584269,0.06535566232116408,12,1074,0.8652905908096307
GCLC,glutamate-cysteine ligase catalytic (GSH synthesis),APC,-0.00811456096463383,-0.004449544558674175,-0.003665016405959654,-0.2938937637745097,0.7688953450352907,-0.025179099731262942,148,938,0.8759567221921033
GSR,glutathione reductase,PIK3CA,0.012430614598681276,0.010631269595414224,0.0017993450032670524,0.28423816732459306,0.77628215262902,0.019056389650603377,338,748,0.8815822553515685
DHODH,dihydroorotate dehydrogenase (mitochondrial anti-ferroptosis),BRAF,-0.3798738881474258,-0.3709907678800063,-0.008883120267419498,-0.2693227716348784,0.7877325645795802,-0.03183240829614979,76,1010,0.8910372585106893
FTL,ferritin light chain,PIK3CA,0.01419250270611911,0.015954218989706608,-0.0017617162835874972,-0.2661430807372968,0.7901796294194514,-0.017407262311677704,338,748,0.8910372585106893
ALOX12,arachidonate 12-lipoxygenase,BRAF,0.04967423797901403,0.046262916315784997,0.003411321663229036,0.2637364687752681,0.7920331186761682,0.030236981206979482,76,1010,0.8910372585106893
FTL,ferritin light chain,CDH1,0.010646003825970963,0.015536506724707327,-0.0048905028987363645,-0.25725222710972034,0.7970328909739867,-0.04750936716942249,29,1057,0.8920158810588266
KEAP1,kelch-like ECH-associated protein 1 (NRF2 inhibitor),KRAS,-0.1568212333320394,-0.15134740767172217,-0.005473825660317233,-0.2561823433438733,0.7978586491692838,-0.01648457174724084,364,722,0.8920158810588266
SLC40A1,ferroportin (iron export),ERBB2,0.013103670273076311,0.015373057651046029,-0.0022693873779697175,-0.24398235118847314,0.8072906568382738,-0.022432968603342415,119,967,0.8997666763522556
GCH1,"GTP cyclohydrolase 1 (BH4 synthesis, anti-ferroptosis)",BRAF,-0.08566367934626098,-0.08249944609454468,-0.003164233251716303,-0.2322554157681961,0.81638347843798,-0.026791447368369373,76,1010,0.9021052765351639
POR,cytochrome P450 oxidoreductase,CDH1,-0.04937641396526388,-0.0448488185467131,-0.00452759541855078,-0.2315681743264554,0.8169171326014402,-0.049344924807884674,29,1057,0.9021052765351639
HMOX1,heme oxygenase 1 (releases iron from heme),BRAF,0.0008442805523524009,0.0030851074036060237,-0.0022408268512536227,-0.22755592101240105,0.8200344017887369,-0.025943578996455444,76,1010,0.9021052765351639
ATG5,autophagy related 5 (ferritinophagy),EGFR,0.05577091584971589,0.05391505649005986,0.0018558593596560355,0.2260560063453177,0.8212004757993442,0.01919723628836425,193,893,0.9021052765351639
VDAC3,voltage-dependent anion channel 3,CTNNB1,-0.19830788839341265,-0.20165205385428758,0.0033441654608749316,0.2236684109870667,0.8230574720974558,0.022075604498800836,111,975,0.9021052765351639
NFE2L2,NRF2 (master antioxidant regulator),APC,-0.210124110997437,-0.20611373170704958,-0.004010379290387417,-0.22191225527069994,0.8244239888335247,-0.020199008654834368,148,938,0.9021052765351639
TFRC,transferrin receptor (iron import),VHL,-0.748351209869825,-0.7556562352354725,0.007305025365647588,0.2146717231026121,0.830063647222041,0.016707608657811727,905,181,0.9028508636733409
KEAP1,kelch-like ECH-associated protein 1 (NRF2 inhibitor),VHL,-0.15415009742213637,-0.14834209450172553,-0.005808002920410837,-0.2145978782545957,0.8301212107663217,-0.01717643247823134,905,181,0.9028508636733409
KEAP1,kelch-like ECH-associated protein 1 (NRF2 inhibitor),BRCA1,-0.1562011715711414,-0.15181199479147095,-0.004389176779670462,-0.2016402202928607,0.8402358314454004,-0.013347989403008327,339,747,0.9093264085394047
VDAC2,voltage-dependent anion channel 2,STK11,-0.25416474844920095,-0.25070453372191576,-0.0034602147272851935,-0.19872401877505164,0.8425158989400421,-0.018328143638611988,112,974,0.9093264085394047
GCH1,"GTP cyclohydrolase 1 (BH4 synthesis, anti-ferroptosis)",CDH1,-0.08686034689661684,-0.08260731326944568,-0.0042530336271711655,-0.1972705137949498,0.8436528345893366,-0.03165338448771231,29,1057,0.9093264085394047
NFE2L2,NRF2 (master antioxidant regulator),CDH1,-0.21379500725182837,-0.20646451613862835,-0.007330491113200027,-0.190603353940065,0.8488720516773218,-0.04094250237785831,29,1057,0.9122207122502562
GCH1,"GTP cyclohydrolase 1 (BH4 synthesis, anti-ferroptosis)",MYC,-0.08286390740192326,-0.08031762457105901,-0.0025462828308642493,-0.16867792989576638,0.8660814470090306,-0.023823039199399498,1025,61,0.9257753629449371
SLC7A11,"cystine/glutamate transporter (xCT, imports cystine)",APC,0.0011712911733987837,0.0031902935838204276,-0.002019002410421644,-0.1679822166947433,0.8666286036456773,-0.01308399643725084,148,938,0.9257753629449371
ATG7,autophagy related 7,ERBB2,0.038452185489840765,0.03692473768835849,0.0015274478014822776,0.15079109530500093,0.8801685653551026,0.01402353633474333,119,967,0.9347176757914094
ALOX15,arachidonate 15-lipoxygenase (lipid peroxidation),ARID1A,0.03682485902121636,0.03533022472044532,0.0014946343007710416,0.14615046060270317,0.8838297854330741,0.012723593527930848,139,947,0.9347176757914094
VDAC3,voltage-dependent anion channel 3,BRCA2,-0.1999902150223424,-0.20164177562756744,0.0016515606052250331,0.14605955551811192,0.8839015299101919,0.010401653737868933,218,868,0.9347176757914094
SLC40A1,ferroportin (iron export),MYC,0.01502219308071066,0.01684156726769123,-0.0018193741869805685,-0.1441797201566735,0.8853853540135295,-0.018756814990518466,1025,61,0.9347176757914094
VDAC2,voltage-dependent anion channel 2,PIK3CA,-0.24996232950044434,-0.25155802179185327,0.0015956922914089344,0.13951249499360752,0.8890710983468639,0.009204579845086902,338,748,0.9354722031478668
VDAC3,voltage-dependent anion channel 3,MYC,-0.20115946903225349,-0.20384380920556347,0.0026843401733099848,0.1364618354134711,0.8914815316729603,0.019126605496073753,1025,61,0.9354722031478668
NCOA4,nuclear receptor coactivator 4 (ferritinophagy),BRCA1,-0.5884859998353615,-0.5864531634741038,-0.0020328363612577283,-0.12540316666110862,0.900227633808798,-0.008044620608659042,339,747,0.9354722031478668
NCOA4,nuclear receptor coactivator 4 (ferritinophagy),BRAF,-0.5903572820988316,-0.586841696653299,-0.003515585445532654,-0.11940177407579787,0.9049791798107847,-0.014096150921567,76,1010,0.9354722031478668
FTL,ferritin light chain,BRAF,0.0167298592217301,0.015306289522888431,0.001423569698841668,0.1184963312949822,0.9056963557209259,0.012714144069445703,76,1010,0.9354722031478668
ACSL4,"acyl-CoA synthetase 4 (PUFA activation, pro-ferroptosis)",BRAF,-0.1554238336990269,-0.152427446135491,-0.0029963875635359016,-0.11828982780357938,0.9058600337106826,-0.015350914948988484,75,1006,0.9354722031478668
ALOX15,arachidonate 15-lipoxygenase (lipid peroxidation),CDH1,0.03308323947141298,0.035588424096064164,-0.0025051846246511855,-0.11821092198574887,0.9059224364476082,-0.022340936609640975,29,1057,0.9354722031478668
FTL,ferritin light chain,BRCA2,0.016121394168509665,0.015226218652342966,0.0008951755161666995,0.11699166451039905,0.9068883302739043,0.008409369726391717,218,868,0.9354722031478668
GSR,glutathione reductase,PTEN,0.008112177603183354,0.01122569018667217,-0.003113512583488817,-0.11104230762805217,0.9116033532833013,-0.03589448813900774,12,1074,0.9376491633771099
TFRC,transferrin receptor (iron import),PIK3CA,-0.7513857200817831,-0.7487476605911355,-0.0026380594906475485,-0.09631100125012355,0.9232913760981976,-0.006387256478405282,338,748,0.9469655139468693
VDAC2,voltage-dependent anion channel 2,VHL,-0.2508822433565306,-0.25195711289390205,0.001074869537371459,0.07564346051265879,0.939716716491475,0.006240823416901306,905,181,0.9585159768456769
POR,cytochrome P450 oxidoreductase,ERBB2,-0.04429184675512199,-0.04505314110135355,0.00076129434623156,0.07544048781030058,0.9398781661847887,0.007559821132956276,119,967,0.9585159768456769
POR,cytochrome P450 oxidoreductase,MYC,-0.0450148358884481,-0.04421164628211633,-0.0008031896063317723,-0.058669129603013244,0.9532264611963777,-0.008212274577735037,1025,61,0.9666713868905116
ATG5,autophagy related 5 (ferritinophagy),VHL,0.05416904070385115,0.05462403518029457,-0.00045499447644341967,-0.05402896587873709,0.9569220419177604,-0.004511689869938236,905,181,0.9666713868905116
VDAC2,voltage-dependent anion channel 2,BRCA1,-0.2506422624018116,-0.2512515939989857,0.0006093315971741342,0.053316953882109774,0.9574891960127621,0.0034603614760274023,339,747,0.9666713868905116
FTL,ferritin light chain,KRAS,0.015181875255572836,0.015518863055318962,-0.0003369877997461256,-0.051902691769145005,0.9586157919997573,-0.0033736740550139818,364,722,0.9666713868905116
GCLM,glutamate-cysteine ligase modifier,ERBB2,-0.0743930030078594,-0.07388076391223226,-0.0005122390956271428,-0.039788134313179936,0.9682693627019844,-0.004042285157636689,119,967,0.9736786887505988
POR,cytochrome P450 oxidoreductase,APC,-0.0447810846571563,-0.04499948473305891,0.00021840007590261112,0.02377109571174694,0.9810395707565014,0.0021215952827177077,148,938,0.9837722715106978
GCH1,"GTP cyclohydrolase 1 (BH4 synthesis, anti-ferroptosis)",EGFR,-0.08284996645501286,-0.08269298618139807,-0.00015698027361478462,-0.01726508005729566,0.9862283206487603,-0.00141127534969761,193,893,0.9862283206487603
